image,text
data/raw/Synthetic raw images/urdu_1.png,پاکستان زندہ باد
data/raw/Synthetic raw images/urdu_2.png,آج کا موسم خوشگوار ہے
data/raw/Synthetic raw images/urdu_3.png,تعلیم ہر انسان کا حق ہے
data/raw/Synthetic raw images/urdu_4.png,کراچی پاکستان کا سب سے بڑا شہر ہے
data/raw/Synthetic raw images/urdu_5.png,محنت کامیابی کی کنجی ہے
data/raw/Synthetic raw images/urdu_6.png,کتاب علم کا خزانہ ہے
data/raw/Synthetic raw images/urdu_7.png,وقت کی قدر کرنی چاہیے
data/raw/Synthetic raw images/urdu_8.png,صحت ہزار نعمت ہے
data/raw/Synthetic raw images/urdu_9.png,پانی زندگی کے لیے ضروری ہے
data/raw/Synthetic raw images/urdu_10.png,سچائی ہمیشہ کامیاب ہوتی ہے
data/raw/Synthetic raw images/urdu_11.png,لاہور ایک تاریخی شہر ہے
data/raw/Synthetic raw images/urdu_12.png,بچوں کو اچھی تربیت دینی چاہیے
data/raw/Synthetic raw images/urdu_13.png,دوستی ایک قیمتی رشتہ ہے
data/raw/Synthetic raw images/urdu_14.png,صبر کا پھل میٹھا ہوتا ہے
data/raw/Synthetic raw images/urdu_15.png,اردو ایک خوبصورت زبان ہے
data/raw/Synthetic raw images/urdu_16.png,درخت لگانا ضروری ہے
data/raw/Synthetic raw images/urdu_17.png,والدین کی عزت کرنی چاہیے
data/raw/Synthetic raw images/urdu_18.png,علم حاصل کرنے کی کوئی عمر نہیں ہوتی
data/raw/Synthetic raw images/urdu_19.png,ایمانداری بہترین پالیسی ہے
data/raw/Synthetic raw images/urdu_20.png,پاکستان کا موسم بہت متنوع ہے
data/raw/Synthetic raw images/urdu_naskh_1.png,دریا کنارے خوبصورت منظر تھا
data/raw/Synthetic raw images/urdu_naskh_2.png,بچے پارک میں کھیل رہے ہیں
data/raw/Synthetic raw images/urdu_naskh_3.png,استاد نے سبق اچھی طرح سمجھایا
data/raw/Synthetic raw images/urdu_naskh_4.png,بازار میں بہت رش تھا
data/raw/Synthetic raw images/urdu_naskh_5.png,میں نے کتاب پڑھ کر رکھ دی
data/raw/Synthetic raw images/urdu_naskh_6.png,چاند رات کو بہت روشن تھا
data/raw/Synthetic raw images/urdu_naskh_7.png,کسان کھیت میں کام کر رہا تھا
data/raw/Synthetic raw images/urdu_naskh_8.png,دوست نے مجھے تحفہ دیا
data/raw/Synthetic raw images/urdu_naskh_9.png,بارش کے بعد ہوا خوشگوار ہو گئی
data/raw/Synthetic raw images/urdu_naskh_10.png,ماں نے کھانا بنایا
data/raw/Synthetic raw images/urdu_naskh_11.png,طالب علم امتحان کی تیاری کر رہا ہے
data/raw/Synthetic raw images/urdu_naskh_12.png,پرندے صبح سویرے چہچہاتے ہیں
data/raw/Synthetic raw images/urdu_naskh_13.png,شہر کی سڑکیں کشادہ ہیں
data/raw/Synthetic raw images/urdu_naskh_14.png,پہاڑوں پر برف پڑی ہوئی تھی
data/raw/Synthetic raw images/urdu_naskh_15.png,دکاندار نے سامان تول کر دیا
data/raw/Synthetic raw images/urdu_naskh_16.png,علم انسان کی سب سے بڑی طاقت ہے
data/raw/Synthetic raw images/urdu_naskh_17.png,محنت کبھی رائیگاں نہیں جاتی
data/raw/Synthetic raw images/urdu_naskh_18.png,صحت مند جسم میں صحت مند دماغ ہوتا ہے
data/raw/Synthetic raw images/urdu_naskh_19.png,پاکستان کے شمالی علاقے بہت خوبصورت ہیں
data/raw/Synthetic raw images/urdu_naskh_20.png,کتاب انسان کی بہترین دوست ہے
data/raw/Synthetic raw images/urdu_naskh_21.png,زندگی میں صبر بہت ضروری ہے
data/raw/Handwritten/handwritten_1.jpeg,میرے کپڑے استری کردو
data/raw/Handwritten/handwritten_2.jpeg,مجھے کھیلنا پسند ہے
data/raw/Handwritten/handwritten_3.jpeg,ٹماٹر، پیاز
data/raw/Handwritten/handwritten_4.jpeg,میں کھانا گرم کرکے آتی ہوں
data/raw/Handwritten/handwritten_5.jpeg,میں ایک مجبور لڑکی ہوں
data/raw/Handwritten/handwritten_6.jpeg,میں کام کرنا جانتی ہوں
data/raw/Handwritten/handwritten_7.jpeg,میں ایک سندر لڑکی ہوں
data/raw/Handwritten/handwritten_8.jpeg,سیب کا ڈالیہ دے دو
data/raw/Handwritten/handwritten_9.jpeg,مجھے کھانا پکانے کا شوق ہے
data/raw/Handwritten/handwritten_10.jpeg,میں بہت سمجھدار لڑکی ہوں
data/raw/Handwritten/handwritten_11.jpeg,کھانا
data/raw/Handwritten/handwritten_12.jpeg,آلو
data/raw/Handwritten/handwritten_13.jpeg,میں ایک خوبصورت لڑکی ہوں
data/raw/Handwritten/handwritten_14.jpeg,میرا نام آمنہ ہے
data/raw/Handwritten/handwritten_15.jpeg,میں گانا گانا جانتی ہوں
data/raw/Newspaper/Screenshot 2026-07-21 183748.png,خواہش!
data/raw/Newspaper/Screenshot 2026-07-21 184136.png,تازہ ترین خبروں، تجزیے اور تبصرے کے لیے یہاں کلک کیجیے
data/raw/Newspaper/Screenshot 2026-07-21 184154.png,ٹی ایل پی سربراہ سعد رضوی اور ان کے بھائی کی گمشدگی کا معمہ برقرار
data/raw/Newspaper/Screenshot 2026-07-21 184212.png,ایران نے مذاکرات کے لیے رابطہ کیا ہے مگر اس سے پہلے کارروائی بھی ہوسکتی ہے، ٹرمپ
data/raw/Newspaper/Screenshot 2026-07-21 184222.png,ملک میں شدید سردی کی افواہوں کی تردید
data/raw/Newspaper/Screenshot 2026-07-21 184703.png,ہر دفعہ پتھر کو لوگ دل سمجھ لیتے ہیں، عمریں بیت جاتی ہیں دل کو دل بنانے میں
data/raw/Newspaper/Screenshot 2026-07-21 184759.png,کچھ تعلقات ختم کرنے ہی کو پڑتے ہیں
data/raw/Newspaper/Screenshot 2026-07-21 184814.png,اس وقت پاکستان بہت سے ملکی اور بین الاقوامی مسائل میں گھرا ہوا ہے
data/raw/Newspaper/Screenshot 2026-07-21 184838.png,علم بڑی دولت ہے، ہم اسے حاصل کرنے کے لیے صرف محنت کرتے ہیں
data/raw/Newspaper/Screenshot 2026-07-21 184851.png,پاکستان بنیادی طور پر ایک زرعی ملک ہے
data/raw/Newspaper/Screenshot 2026-07-21 184947.png,وقت کی پابندی
data/raw/Newspaper/Screenshot 2026-07-21 185017.png,ہر لذت کی انتہا بیزاری ہے
data/raw/Newspaper/Screenshot 2026-07-21 185028.png,اختلاف کے باوجود احترام سے پیش آنا کمزوری نہیں
data/raw/Newspaper/Screenshot 2026-07-21 185046.png,راز، تم مرد ہو کر عورت کو بدنام کرتے ہو
data/raw/Newspaper/Screenshot 2026-07-21 185057.png,انسان مکان بدلتا ہے رشتے بدلتا ہے
data/raw/Newspaper/Screenshot 2026-07-21 185144.png,غلطیاں بھی ہوں گی، غلط بھی سمجھا جانے گا یہ زندگی ہے
data/raw/Newspaper/Screenshot 2026-07-21 185221.png,درخت، مشکل، یونٹ، جب تک، معمول
data/raw/Newspaper/Screenshot 2026-07-21 185235.png,ہجر
data/raw/Newspaper/Screenshot 2026-07-21 185309.png,چاہت
data/raw/Newspaper/WhatsApp Image 2026-07-21 at 18.34.40.jpeg,بارش کی تباہ کاریاں، 16 افراد پانی میں بہہ گئے
data/raw/Newspaper/0.png,پشاور،بنوں (نمائندہ جنگ،اے ایف پی) بنوں میں اقوام میراخیل اور
data/raw/Newspaper/1.png,اسکے ساتھ ملحقہ علاقے کے عوام نے بجلی و گیس
data/raw/Newspaper/9.png,میں اقوام میراخیل اور اسکے ساتھ ملحقہ علاقے کے عوام
data/raw/Newspaper/10.png,نے بجلی وگیس کی لوڈشیڈنگ کیخلاف مظاہرہ کیا۔ مظاہرین نے
data/raw/Newspaper/17.png,ملانے والی مرکزی شاہراہ پر کرفیو نافذ کردیا گیا ہے۔بنوں
data/raw/Newspaper/100.png,نہیں آ یا۔ آخریہ کونسا مذہب ہے؟کیا اسلام کے نام
data/raw/Newspaper/1000.png,ضرور ہے۔ انہوں نے کہا کہ میرا احمدیوں سے کوئی
data/raw/Newspaper/1001.png,تعلق نہیں، انہوں نے کہا کہ پولیس کو اپنی کارکردگی
data/raw/Newspaper/6651.png,میں کُل جماعتی کشمیر رابطہ کمیٹی کے زیر اہتمام ہونے
data/raw/Newspaper/6652.png,والے کشمیر سیمینار کے ساتھ بھر پو تعاون کا فیصلہ
data/raw/Newspaper/6653.png,کیا گیا۔ چوہدری ظفر اقبال نے کہا لبریشن لیگ کے
data/raw/Newspaper/6654.png,سربراہ کے ایچ خورشید مرحوم نے آج سے نصف صدی
data/raw/Newspaper/6655.png,پہلے کشمیریوں اور پاکستانیوں کو جو تجاویز دیں وہ اگر
data/raw/Newspaper/6656.png,اپنائی جاتیں تو یہ مسئلہ کب کا حل ہوجاتا۔ محمد
data/raw/Newspaper/6657.png,ایاز نے خطاب کرتے ہوئے کہا کہ آزاد کشمیر میں
data/raw/Newspaper/6658.png,لبریشن لیگ واحد جماعت ہے جس نے اصول کی سیاست
data/raw/Newspaper/6659.png,کی ہے، مقبوضہ کشمیر میں ہونے والے مظالم کو دنیا
data/raw/Newspaper/8816.png,حد سے بڑھیں تو پاکستان میں پہلی مرتبہ 1953ء میں
data/raw/Newspaper/8817.png,قادیانیت کے خلاف تحریک چلی، علماء اہلسنّت نے مسئلہ ختم
data/raw/Newspaper/8818.png,نبوت اور فتنہ قادیانیت کو طشت ازبام کیا جبکہ دوسری
data/raw/Newspaper/8819.png,دفعہ 1974ء میں قادیانیت کے خلاف تحریک چلی اور کامیابی
data/raw/Newspaper/8820.png,سے ہمکنار ہوئی، انہوں نے کہا کہ غیر مسلم اقلیت
data/raw/Newspaper/10000.png,ڈالر کی قدر میں اضافہ ہوگیا تاہم یورپین ممالک کی
data/raw/Newspaper/10001.png,اہم کرنسیوں بشمول یورو اور برطانوی پاؤنڈ کی قدر میں
data/raw/Newspaper/10002.png,کمی ریکارڈ کی گئی۔ منگل کو امریکی ڈالر کی قیمت
data/raw/Newspaper/10003.png,فروخت اور قیمت خرید میں بالترتیب 21 پیسے اور 20
data/raw/Newspaper/10004.png,پیسے کی تیزی رہی، تاہم یورو کی قیمت فروخت میں
data/raw/Newspaper/10005.png,50 پیسے اور قیمت خرید میں 49 پیسے کی کمی
data/raw/Newspaper/10006.png,ریکارڈ کی گئی۔ اسی طرح برطانوی پاؤنڈ کی قدر میں
data/raw/Newspaper/10007.png,بھی 45 پیسے کی مندی رہی۔ نیشنل بینک آف پاکستان
data/raw/Newspaper/10008.png,سے جاری کردہ اعداد و شمار کے مطابق امریکی ڈالر
data/raw/Newspaper/10009.png,اپنی گزشتہ کاروباری روز کی قیمت فروخت 88.17 روپے سے
data/raw/Sign boards/Screenshot 2026-07-21 185327.png,ارمان
data/raw/Sign boards/WhatsApp Image 2026-07-21 at 18.56.04.jpeg,سرٹیفکیٹ کے حصول کے لیے درخواست
data/raw/Sign boards/WhatsApp Image 2026-07-21 at 18.56.14.jpeg,وہاں ریاض مسلسل سے کام چلتا ہے، یہاں گلے کے سہارے کلام چلتا ہے
data/raw/Sign boards/WhatsApp Image 2026-07-21 at 18.56.40.jpeg,کرکٹ کے کھیل کا موازنہ مشاعرے کے ساتھ کیا گیا ہے
data/raw/Sign boards/WhatsApp Image 2026-07-21 at 18.57.07.jpeg,کرکٹ اور مشاعرہ (نظم) از دلاور فگار
data/raw/Sign boards/WhatsApp Image 2026-07-21 at 18.58.13.jpeg,شیطان آپ کو ہر وقت غمگین کیوں کرتا ہے
data/raw/Sign boards/WhatsApp Image 2026-07-21 at 18.58.25.jpeg,تیسرے حرف کے مطابق: اگر تیسرے حرف پر فتحہ یا کسرہ ہو تو ہمزہ وصلی کو کسرہ دیں گے
data/raw/Sign boards/WhatsApp Image 2026-07-21 at 18.58.37.jpeg,تیسرے حرف کے مطابق: اگر تیسرے حرف پر ضمہ ہو تو ہمزہ وصلی کو ضمہ دیں گے
data/raw/Sign boards/WhatsApp Image 2026-07-21 at 19.00.40.jpeg,میں سالار سکندر سے بات کرنا چاہتی ہوں، آپ امامہ ہاشم ہیں؟
data/raw/Sign boards/WhatsApp Image 2026-07-21 at 19.01.02.jpeg,جو مری ہے وہ میری بیوی تھی اور مجھے بہت پیاری تھی
data/raw/Sign boards/WhatsApp Image 2026-07-21 at 19.01.14.jpeg,اعمال کے نتائج ہوتے ہیں اور وہ بھگتنے بھی پڑتے ہیں
data/raw/Sign boards/ء_998.png,ء
data/raw/Sign boards/ء_999.png,ء
data/raw/Sign boards/ا_973.png,ا
data/raw/Sign boards/ا_974.png,ا
data/raw/Sign boards/آ_993.png,آ
data/raw/Sign boards/آ_994.png,آ
data/raw/Sign boards/ب_996.png,ب
data/raw/Sign boards/ب_997.png,ب
data/raw/Sign boards/پ_94.png,پ
data/raw/Books/ۃ_96.png,ۃ
data/raw/Books/ۃ_97.png,ۃ
data/raw/Books/ت_95.png,ت
data/raw/Books/ت_96.png,ت
data/raw/Books/ٹ_98.png,ٹ
data/raw/Books/ٹ_99.png,ٹ
data/raw/Books/ث_983.png,ث
data/raw/Books/ث_984.png,ث
data/raw/Books/ج_97.png,ج
data/raw/Books/ج_98.png,ج
data/raw/Books/چ_95.png,چ
data/raw/Books/چ_96.png,چ
data/raw/Books/ح_970.png,ح
data/raw/Books/ح_971.png,ح
data/raw/Books/خ_949.png,خ
data/raw/Books/خ_950.png,خ
data/raw/Books/د_95.png,د
data/raw/Books/د_96.png,د
data/raw/Books/ڈ_95.png,ڈ
data/raw/Books/ڈ_96.png,ڈ
data/raw/Books/ذ_98.png,ذ
data/raw/Books/ذ_99.png,ذ
data/raw/Books/ر_980.png,ر
data/raw/Books/ر_981.png,ر
data/raw/Books/ڑ_93.png,ڑ
data/raw/Books/ڑ_94.png,ڑ
data/raw/Books/ز_99.png,ز
data/raw/Books/ز_970.png,ز
data/raw/Books/ژ_98.png,ژ
data/raw/Books/ژ_99.png,ژ
data/raw/Books/س_97.png,س
data/raw/Books/س_98.png,س
data/raw/Books/ش_983.png,ش
data/raw/Books/ش_984.png,ش
data/raw/Books/ص_98.png,ص
data/raw/Books/ص_99.png,ص
data/raw/Books/ض_979.png,ض
data/raw/Books/ض_980.png,ض
data/raw/Books/ط_973.png,ط
data/raw/Books/ط_974.png,ط
data/raw/Other/ظ_99.png,ظ
data/raw/Other/ظ_987.png,ظ
data/raw/Other/ع_99.png,ع
data/raw/Other/ع_990.png,ع
data/raw/Other/غ_99.png,غ
data/raw/Other/غ_984.png,غ
data/raw/Other/ف_993.png,ف
data/raw/Other/ف_994.png,ف
data/raw/Other/ق_992.png,ق
data/raw/Other/ق_993.png,ق
data/raw/Other/ک_0.png,ک
data/raw/Other/ک_1.png,ک
data/raw/Other/گ_0.png,گ
data/raw/Other/گ_1.png,گ
data/raw/Other/ل_983.png,ل
data/raw/Other/ل_984.png,ل
data/raw/Other/م_95.png,م
data/raw/Other/م_96.png,م
data/raw/Other/م_97.png,م
data/raw/Other/م_98.png,م
data/raw/Other/ن_96.png,ن
data/raw/Other/ن_97.png,ن
data/raw/Other/ھ_0.png,ھ
data/raw/Other/ھ_1.png,ھ
data/raw/Other/ہ_96.png,ہ
data/raw/Other/ہ_97.png,ہ
data/raw/Other/و_0.png,و
data/raw/Other/و_1.png,و
data/raw/Other/ے_51.png,ے
data/raw/Other/ے_52.png,ے
data/raw/Other/ی_99.png,ی
data/raw/Other/ی_983.png,ی
